FID,firename,startdate,hectares,lat,lon,agency,stage_of_control,response_type,the_geom
activefires_current.fid--2f63ff8c_19d7736386a_21b6,2026  Huron-Manistee NFs Sprin,2026-03-09T16:00:00,0,44.2519455,-85.40110779,conus,Prescribed,,POINT (779857.5562852316 -474188.38351947436)
activefires_current.fid--2f63ff8c_19d7736386a_21b7,Coyote Flats - SDBKF,2026-03-18T17:21:23,155.92500305,43.95694351,-103.32111359,conus,0% contained,,POINT (-681053.4333491725 -522028.66988496186)
activefires_current.fid--2f63ff8c_19d7736386a_21b8,Star Valley Front Prescribed (,2026-03-19T16:00:00,0,42.69939041,-110.89905548,conus,Prescribed,,POINT (-1326909.03402499 -543266.7286482796)
activefires_current.fid--2f63ff8c_19d7736386a_21b9,Rogue River-Siskiyou National,2026-01-01T14:00:00,0,42.0625,-123.9375,conus,Prescribed,,POINT (-2389142.0620411043 -229872.01107399602)
activefires_current.fid--2f63ff8c_19d7736386a_21ba,RWF-005-2026,2026-01-21T17:13:00,0.5,52.35609818,-115.73870087,ab,UC,MON,POINT (-1371885.860020258 596733.2595124895)
activefires_current.fid--2f63ff8c_19d7736386a_21bb,Qury - SDBKF,2026-03-12T18:16:36,3713.04003906,43.7480545,-103.56666565,conus,68% contained,,POINT (-704220.0462073646 -542892.9121946832)
activefires_current.fid--2f63ff8c_19d7736386a_21bc,Morrill - NENES,2026-03-12T19:50:00,260021.75,41.47444534,-102.15694427,conus,100% contained,,POINT (-618075.4100853761 -815664.4275404344)
activefires_current.fid--2f63ff8c_19d7736386a_21bd,Road 203 - NENBF,2026-03-12T20:00:00,14536.25976562,41.98416519,-100.45555878,conus,100% contained,,POINT (-466542.201627413 -771879.4749051167)
activefires_current.fid--2f63ff8c_19d7736386a_21be,Cottonwood - NENES,2026-03-12T21:45:00,52347.46484375,40.87194443,-100.4327774,conus,100% contained,,POINT (-475520.08272487513 -899596.727721079)
activefires_current.fid--2f63ff8c_19d7736386a_21bf,V30006,2026-04-01T23:52:00,0.1,50.52730179,-122.48169708,bc,UC,FUL,POINT (-1877973.2352669649 581516.6456982769)
activefires_current.fid--2f63ff8c_19d7736386a_21c0,Ashby - NENES,2026-03-26T05:00:22,14581.62011719,42.02194595,-101.92778015,conus,100% contained,,POINT (-591525.8047091658 -755319.2547802496)
activefires_current.fid--2f63ff8c_19d7736386a_21c1,Minor - NENES,2026-03-26T05:03:29,5703.20996094,41.83444595,-101.76083374,conus,100% contained,,POINT (-579609.2040628103 -778255.4548197937)
activefires_current.fid--2f63ff8c_19d7736386a_21c2,K20016,2026-04-05T00:56:00,1.79999995,50.38339996,-120.2602005,bc,UC,FUL,POINT (-1740773.5717924149 503741.96935048595)
activefires_current.fid--2f63ff8c_19d7736386a_21c3,EWF-005-2026,2026-04-06T18:48:00,0.1,53.70009995,-115.33129883,ab,UC,FUL,POINT (-1299512.1230706892 728085.5368250927)
activefires_current.fid--2f63ff8c_19d7736386a_21c4,HWF-003-2026,2026-04-01T20:00:00,0,58.52799988,-115.16470337,ab,UC,MON,POINT (-1125206.8655452847 1224610.7557151269)
activefires_current.fid--2f63ff8c_19d7736386a_21c5,Little Dean 13D - ORWWF,2026-04-08T15:00:00,94.76999664,44.78555679,-118.20833588,conus,Prescribed,,POINT (-1829430.0966243055 -135164.60027678378)
activefires_current.fid--2f63ff8c_19d7736386a_21c6,Helena-Lewis and Clark NF Rxs,2026-03-23T12:00:00,133.6499939,46.61210632,-111.98800659,conus,Prescribed,,POINT (-1298727.9998381657 -92319.56694045117)
activefires_current.fid--2f63ff8c_19d7736386a_21c7,Chippewa National Forest Pile,2026-04-08T14:00:00,0,47.35666656,-93.80916595,conus,Prescribed,,POINT (90562.42229528015 -182482.24920728066)
activefires_current.fid--2f63ff8c_19d7736386a_21c8,Lower West Fork Prescribed Bur,2026-03-30T13:00:00,0,45.86583328,-114.22416687,conus,Prescribed,,POINT (-1489739.0840099424 -123850.63544364349)
activefires_current.fid--2f63ff8c_19d7736386a_21c9,K20025,2026-04-07T01:03:00,12.80000019,50.56510162,-121.29699707,bc,UC,FUL,POINT (-1800116.640570838 551075.3849638413)
activefires_current.fid--2f63ff8c_19d7736386a_21ca,DEER 6 - ORWWF,2026-04-09T15:00:00,20.65500069,44.74258423,-118.11186981,conus,Prescribed,,POINT (-1823893.156618432 -142480.20552645973)
activefires_current.fid--2f63ff8c_19d7736386a_21cb,Hog Sapphire Prescribed Burn O,2026-04-08T13:00:00,810,46.14638901,-113.84083557,conus,Prescribed,,POINT (-1451698.5442492687 -102537.57506398884)
activefires_current.fid--2f63ff8c_19d7736386a_21cc,V30029,2026-04-08T00:47:00,61.79999924,50.30989838,-122.71489716,bc,UC,FUL,POINT (-1903045.467800377 566621.0643274211)
activefires_current.fid--2f63ff8c_19d7736386a_21cd,Sandbox 605 - ORWWF,2026-04-10T15:00:00,81,45.07529831,-117.63739777,conus,Prescribed,,POINT (-1774948.7178319243 -120674.45320280179)
activefires_current.fid--2f63ff8c_19d7736386a_21ce,K60033,2026-04-08T23:42:00,550,50.05260086,-120.54419708,bc,OC,FUL,POINT (-1773605.6617008422 477841.2456435719)
activefires_current.fid--2f63ff8c_19d7736386a_21cf,LIMBER JIM 603 - ORWWF,2026-04-09T15:00:00,12.96000004,45.13154984,-118.30758667,conus,Prescribed,,POINT (-1822881.5539924414 -95772.98408302949)
activefires_current.fid--2f63ff8c_19d7736386a_21d0,71242,2026-04-09T08:55:25,0.1,45.75170135,-64.74449921,nb,UC,FUL,POINT (2297792.874717448 193471.94132080444)
activefires_current.fid--2f63ff8c_19d7736386a_21d1,71262,2026-04-09T12:35:51,9.5,45.22660065,-66.88680267,nb,UC,FUL,POINT (2171618.25458059 65076.62917135352)
activefires_current.fid--2f63ff8c_19d7736386a_21d2,Muddy Sled 501G - ORWWF,2026-04-09T15:00:00,100.03500366,45.72166824,-117.33578491,conus,Prescribed,,POINT (-1727192.2269080302 -60536.89764501559)
activefires_current.fid--2f63ff8c_19d7736386a_21d3,71282,2026-04-09T13:52:41,0.1,45.23970032,-66.80410004,nb,OC,FUL,POINT (2176948.4777239338 69240.64468492476)
activefires_current.fid--2f63ff8c_19d7736386a_21d4,71323,2026-04-09T14:50:06,0.30000001,46.0359993,-65.01999664,nb,UC,FUL,POINT (2263912.328361014 212087.14409795398)
activefires_current.fid--2f63ff8c_19d7736386a_21d5,2026HJ001,2026-04-09T21:54:00,1,61.43270111,-137.02630615,yt,BH,MON,POINT (-2022010.929826404 2052750.6951114456)
activefires_current.fid--2f63ff8c_19d7736386a_21d6,71386,2026-04-09T18:31:40,0.2,46.05080032,-66.11229706,nb,UC,FUL,POINT (2186568.1236385447 175362.95427406047)
activefires_current.fid--2f63ff8c_19d7736386a_21d7,71382,2026-04-09T17:02:15,0.1,45.92179871,-66.25810242,nb,UC,FUL,POINT (2182636.818304361 157298.46652251968)
activefires_current.fid--2f63ff8c_19d7736386a_21d8,71342,2026-04-09T15:31:35,0.1,46.04899979,-65.88269806,nb,UC,FUL,POINT (2202810.60376969 183103.28876366603)
activefires_current.fid--2f63ff8c_19d7736386a_21d9,V10036,2026-04-10T00:00:00,0.5,49.31980133,-121.9661026,bc,UC,FUL,POINT (-1899956.8315982195 444434.29340253683)
activefires_current.fid--2f63ff8c_19d7736386a_21da,Lower Jo 13A - ORWWF,2026-04-10T15:00:00,44.54999924,45.69671249,-117.27249146,conus,Prescribed,,POINT (-1723464.5556390535 -64895.01569778622)
activefires_current.fid--2f63ff8c_19d7736386a_21db,71385,2026-04-09T18:15:52,0.1,45.82770157,-66.5983963,nb,UC,FUL,POINT (2163123.504716891 136126.51380531423)
activefires_current.fid--2f63ff8c_19d7736386a_21dc,71384,2026-04-09T18:05:10,0.40000001,46.35979843,-64.56500244,nb,UC,FUL,POINT (2278862.280261435 260722.36470144524)
activefires_current.fid--2f63ff8c_19d7736386a_21dd,SWF-076-2025,2025-05-25T19:13:00,16852,54.81140137,-115.41030121,ab,UC,FUL,POINT (-1266036.7711052091 845086.9985569336)
activefires_current.fid--2f63ff8c_19d7736386a_21de,LWF-090-2025,2025-05-26T22:00:00,68023,55.19309998,-110.68810272,ab,UC,FUL,POINT (-969839.4013494683 802099.870333044)
activefires_current.fid--2f63ff8c_19d7736386a_21df,HWF-036-2025,2025-05-29T20:00:00,52358.80078125,58.53620148,-118.86260223,ab,UC,FUL,POINT (-1322253.738143631 1296612.630083401)
activefires_current.fid--2f63ff8c_19d7736386a_21e0,70982,2025-12-22T13:31:09,1.79999995,47.71160126,-65.29340363,nb,UC,FUL,POINT (2160189.9953202875 370187.6564319036)
activefires_current.fid--2f63ff8c_19d7736386a_21e1,K42325,2025-12-22T16:29:00,0,50.55369949,-119.33969879,bc,UC,FUL,POINT (-1673493.7753052996 496463.46742812416)
activefires_current.fid--2f63ff8c_19d7736386a_21e2,SWF-085-2025,2025-05-27T19:16:00,138581,56.78900146,-113.83760071,ab,UC,FUL,POINT (-1108551.0644682327 1021176.2705363267)
